1,-1,-1,-1
2,-12,38,-12
3,-12,38,-12
4,-12,37,-12
5,-12,37,-11
6,-12,38,-11
7,-12,37,-12
8,-12,37,-11
9,-12,37,-12
10,-12,37,-12
11,-12,38,-11
12,-10,39,-10
13,-10,44,-12
14,-13,46,-9
15,-13,45,-9
16,-13,38,-7
17,-13,33,-7
18,-14,32,-6
19,-15,33,-7
20,-14,35,-9
21,-7,36,-6
22,-9,34,-7
23,-8,35,-7
24,-9,34,-6
25,-18,35,-8
26,-18,37,-7
27,-19,31,-8
28,-26,35,-8
29,-21,35,-6
30,-20,35,-6
31,-21,33,-9
32,-22,35,-7
33,-21,37,-6
34,-22,37,-6
35,-17,37,-7
36,-18,37,-8
37,-21,36,-8
38,-18,37,-8
39,-16,37,-8
40,-17,37,-8
41,-16,38,-9
42,-15,37,-9
43,-15,34,-9
44,-16,33,-10
45,-15,34,-11
46,-14,36,-12
47,-15,36,-13
48,-13,40,-14
49,-14,40,-15
50,-15,38,-17
51,-14,38,-17
52,-11,39,-16
53,-12,39,-17
54,-12,38,-17
55,-13,37,-18
56,-14,37,-18
57,-14,37,-18
58,-9,35,-18
59,-10,35,-18
60,-12,37,-19
61,-12,39,-19
62,-13,40,-18
63,-10,42,-17
64,-9,41,-17
65,-12,39,-17
66,-14,38,-17
67,-15,37,-17
68,-10,37,-14
69,-10,37,-12
70,-10,37,-11
71,-11,35,-9
72,-12,35,-9
73,-13,34,-4
74,-11,36,-2
75,-11,37,-2
76,-12,38,-3
77,-13,37,-3
78,-13,37,-2
79,-12,35,1
80,-13,35,2
81,-13,36,2
82,-13,35,3
83,-15,32,4
84,-17,31,4
85,-14,32,5
86,-14,33,5
87,-16,32,5
88,-17,31,5
89,-22,28,2
90,-23,29,1
91,-22,30,2
92,-22,29,0
93,-24,28,-2
94,-24,30,-6
95,-21,36,-8
96,-18,43,-9
97,-18,35,-6
98,-22,33,-7
99,-21,34,-10
100,-19,34,-9
101,-13,40,-10
102,-12,40,-10
103,-15,41,-13
104,-16,38,-14
105,-15,38,-14
106,-12,38,-14
107,-11,39,-14
108,-11,39,-15
109,-13,37,-15
110,-12,37,-16
111,-10,37,-15
112,-9,37,-15
113,-10,38,-15
114,-11,39,-15
115,-10,40,-14
116,-10,40,-15
117,-9,38,-14
118,-7,39,-13
119,-9,38,-13
120,-10,40,-13
121,-9,40,-11
122,-10,39,-12
123,-13,35,-12
124,-18,34,-10
125,-15,37,-8
126,-10,40,-9
127,-19,37,-10
128,-23,34,-10
129,-35,23,-8
130,-31,32,-9
131,-31,34,-9
132,-38,30,-10
133,-39,26,-10
134,-38,14,-7
135,-35,19,-2
136,-37,19,-3
137,-40,15,-4
138,-40,14,-4
139,-38,13,-3
140,-37,14,-2
141,-41,13,-4
142,-43,11,-4
143,-44,12,-4
144,-43,11,-4
145,-44,9,-5
146,-44,8,-2
147,-42,8,-2
148,-32,6,-2
149,-34,6,0
150,-29,9,9
151,-28,7,8
152,-26,6,7
153,-26,4,7
154,-25,4,8
155,-25,7,15
156,-21,6,12
157,-21,5,12
158,-21,2,12
159,-20,0,10
160,-22,-5,8
161,-17,-7,7
162,-19,-8,7
163,-18,-8,3
164,-19,-8,2
165,-26,1,3
166,-25,7,3
167,-28,9,1
168,-39,22,3
169,-31,25,6
170,-24,20,4
171,-33,34,10
172,-37,34,9
173,-38,23,2
174,-37,19,-1
175,-39,23,-2
176,-30,29,0
177,-32,23,-4
178,-36,23,-5
179,-37,24,-4
180,-34,24,-5
181,-34,21,-9
182,-35,27,-6
183,-35,30,-5
184,-35,32,-8
185,-34,30,-10
186,-36,26,-11
187,-35,32,-9
188,-34,32,-9
189,-36,29,-13
190,-36,27,-14
191,-33,22,-15
192,-35,27,-12
193,-35,30,-11
194,-34,29,-12
195,-32,28,-13
196,-32,26,-15
197,-34,26,-15
198,-35,27,-15
199,-35,28,-14
200,-33,28,-14
201,-33,27,-14
202,-32,26,-15
203,-34,26,-15
204,-34,27,-15
205,-34,29,-14
206,-33,28,-14
207,-34,26,-15
208,-33,26,-14
209,-32,27,-13
210,-31,28,-14
211,-33,27,-15
212,-34,27,-14
213,-37,28,-13
214,-37,28,-14
215,-33,24,-14
216,-31,24,-14
217,-33,26,-12
218,-34,31,-9
219,-34,32,-10
220,-30,28,-13
221,-25,22,-13
222,-19,37,-12
223,-21,39,-11
224,-18,39,-12
225,-13,40,-14
226,-12,41,-15
227,-16,36,-13
228,-12,34,-12
229,-11,32,-12
230,-8,31,-7
231,-5,35,-6
232,-7,43,-10
233,-13,38,-11
234,-13,36,-11
235,-9,35,-8
236,-8,36,-8
237,-14,37,-10
238,-13,33,-12
239,-12,34,-12
240,-4,38,-4
241,-6,39,-14
242,-10,38,-11
243,-11,38,-12
244,-13,37,-11
245,-17,37,-12
246,-14,36,-11
247,-12,37,-11
248,-11,38,-11
249,-11,37,-11
250,-12,37,-12
251,-13,37,-11
252,-13,37,-11
253,-12,37,-11
254,-12,37,-11
255,-12,38,-11
256,-12,38,-12
257,-12,37,-11
258,-12,37,-11
259,-12,38,-12
260,-12,37,-12
261,-12,37,-11
262,-12,37,-12
263,-12,37,-11
264,-12,37,-11
265,-12,37,-11
266,-12,37,-11
267,-12,37,-12
268,-12,38,-11
269,-12,37,-12
270,-12,37,-11
271,-12,38,-12
272,-12,37,-11
273,-12,37,-12
274,-12,37,-12
275,-12,37,-11
276,-12,37,-11
277,-12,37,-11
278,-12,37,-12
279,-12,37,-11
280,-12,37,-11
281,-12,37,-11
282,-12,37,-11
283,-12,37,-11
284,-12,38,-11
285,-12,37,-12
286,-12,37,-11
287,-12,37,-12
288,-12,37,-11
289,-12,38,-12
290,-12,37,-11
291,-12,37,-11
292,-12,37,-11
293,-12,37,-11
294,-12,37,-11
295,-12,37,-12
296,-12,37,-12
297,-12,37,-11
298,-12,38,-12
299,-12,37,-12
300,-12,38,-11
301,-12,38,-12
302,-12,37,-11
303,-12,37,-12
304,-13,37,-12
305,-8,38,-11
306,-7,39,-11
307,-10,37,-11
308,-15,36,-12
309,-8,38,-12
310,-8,38,-12
311,-8,37,-12
312,-5,36,-11
313,-6,36,-11
314,-2,36,-12
315,0,35,-11
316,1,34,-11
317,2,33,-11
318,3,32,-11
319,7,31,-12
320,10,27,-11
321,11,27,-12
322,12,25,-12
323,11,24,-11
324,12,22,-11
325,18,19,-11
326,17,17,-10
327,12,16,-12
328,9,12,-12
329,13,10,-11
330,17,14,-10
331,11,2,-12
332,13,8,-12
333,15,4,-12
334,15,10,-12
335,16,11,-11
336,17,11,-12
337,17,10,-12
338,16,11,-11
339,16,10,-11
340,16,10,-11
341,16,11,-12
342,15,11,-12
343,16,11,-11
344,17,11,-11
345,16,11,-11
346,16,11,-12
347,16,11,-11
348,16,11,-12
349,16,11,-11
350,16,10,-12
351,16,11,-12
352,16,11,-11
353,16,11,-12
354,16,11,-11
355,16,11,-12
356,16,11,-11
357,16,11,-12
358,16,11,-11
359,16,11,-11
360,16,11,-11
361,16,11,-11
362,16,11,-11
363,16,11,-12
364,16,11,-11
365,16,11,-11
366,16,11,-11
367,16,11,-11
368,16,11,-11
369,16,11,-11
370,16,11,-11
371,16,11,-11
372,16,11,-12
373,16,11,-11
374,16,11,-11
375,16,11,-12
376,16,11,-12
377,16,11,-12
378,16,11,-12
379,16,11,-12
380,16,11,-11
381,16,11,-12
382,16,11,-11
383,16,11,-11
384,16,11,-11
385,16,11,-11
386,16,12,-11
387,16,11,-12
388,16,11,-12
389,16,13,-12
390,16,10,-12
391,16,7,-11
392,16,10,-11
393,16,10,-11
394,17,10,-12
395,16,10,-11
396,16,10,-12
397,16,10,-11
398,16,10,-12
399,16,10,-11
400,17,12,-11
401,14,4,-11
402,15,12,-11
403,16,8,-11
404,16,10,-12
405,16,11,-12
406,16,11,-12
407,16,11,-12
408,16,14,-13
409,17,11,-10
410,16,9,-11
411,16,4,-11
412,16,5,-11
413,16,5,-12
414,16,6,-13
415,16,5,-12
416,16,8,-11
417,15,-4,-12
418,15,-5,-12
419,15,3,-12
420,17,7,-11
421,20,-1,-7
422,17,-5,-8
423,14,-3,-8
424,12,-2,-10
425,10,-2,-12
426,7,-4,-10
427,9,-7,-10
428,8,-5,-9
429,5,-9,-10
430,3,-11,-10
431,3,-13,-10
432,-3,-8,-12
433,-3,-9,-12
434,-1,-12,-11
435,-1,-13,-11
436,-6,-22,-10
437,-7,-19,-10
438,-6,-17,-10
439,-4,-17,-9
440,-5,-17,-10
441,-7,-17,-10
442,-5,-19,-9
443,-5,-18,-9
444,-7,-17,-10
445,-9,-16,-11
446,-9,-15,-10
447,-6,-17,-9
448,-6,-17,-10
449,-8,-18,-10
450,-8,-19,-10
451,-6,-19,-9
452,-8,-15,-11
453,-9,-15,-11
454,-9,-15,-10
455,-8,-17,-9
456,-6,-18,-10
457,-7,-19,-10
458,-8,-18,-10
459,-8,-17,-10
460,-8,-16,-11
461,-8,-16,-10
462,-8,-17,-10
463,-8,-18,-10
464,-8,-17,-10
465,-9,-17,-10
466,-9,-16,-10
467,-9,-16,-11
468,-8,-17,-10
469,-7,-18,-10
470,-7,-19,-10
471,-7,-18,-10
472,-9,-18,-10
473,-9,-16,-11
474,-9,-16,-11
475,-8,-16,-11
476,-8,-17,-10
477,-9,-19,-10
478,-10,-18,-10
479,-9,-16,-11
480,-9,-15,-11
481,-9,-16,-11
482,-9,-16,-10
483,-9,-18,-10
484,-8,-18,-10
485,-9,-18,-10
486,-10,-17,-11
487,-10,-16,-12
488,-10,-18,-12
489,-8,-19,-11
490,-7,-17,-10
491,-8,-18,-10
492,-9,-19,-10
493,-10,-18,-10
494,-11,-19,-10
495,-10,-18,-10
496,-6,-19,-10
497,-7,-20,-9
498,-9,-24,-6
499,-10,-23,-5
500,-9,-23,-6
501,-7,-20,-5
502,-7,-20,-4
503,-8,-21,-1
504,-6,-21,0
505,-5,-20,1
506,-5,-12,2
507,-7,-11,3
508,-8,-7,5
509,-10,-2,7
510,-14,0,7
511,-15,3,10
512,-17,3,12
513,-16,15,12
514,-14,24,9
515,-15,25,9
516,-17,25,4
517,-16,25,3
518,-14,30,10
519,-16,28,10
520,-16,27,10
521,-16,25,9
522,-15,29,8
523,-16,29,7
524,-19,28,8
525,-17,28,8
526,-13,32,7
527,-13,33,7
528,-10,30,4
529,-13,34,9
530,-13,33,8
531,-8,34,7
532,-7,34,6
533,-10,36,6
534,-10,36,7
535,-12,34,4
536,-10,34,6
537,-11,33,6
538,-12,34,6
539,-9,35,4
540,-12,34,3
541,-13,34,3
542,-11,33,4
543,-11,32,5
544,-12,34,4
545,-12,34,5
546,-12,34,3
547,-12,34,4
548,-11,34,3
549,-12,34,4
550,-13,34,4
551,-12,33,3
552,-11,34,4
553,-11,35,3
554,-12,33,3
555,-11,33,3
556,-11,34,4
557,-12,34,4
558,-12,33,6
559,-12,34,3
560,-13,34,3
561,-13,34,1
562,-10,35,3
563,-12,32,0
564,-9,36,6
565,-9,32,3
566,-9,33,3
567,-12,34,3
568,-10,34,3
569,-8,32,2
570,-12,35,1
571,-10,34,3
572,-7,35,3
573,-6,34,1
574,-8,34,1
575,-8,34,1
576,-6,35,0
577,-6,37,0
578,-9,34,1
579,-10,33,1
580,-9,34,-1
581,-8,39,-1
582,-9,37,-2
583,-11,34,-2
584,-11,34,-3
585,-6,39,-4
586,-7,37,-4
587,-11,34,-5
588,-11,34,-6
589,-10,34,-6
590,-10,34,-6
591,-10,37,-9
592,-11,40,-11
593,-9,66,-23
594,-8,35,-8
595,-12,37,-9
596,-11,38,-11
597,-10,37,-11
598,-10,37,-11
599,-10,37,-10
600,-10,38,-10
601,-11,37,-10
602,-9,37,-10
603,-9,37,-11
604,-9,38,-10
605,-9,37,-10
606,-9,37,-10
607,-10,38,-12
608,-10,37,-11
609,-10,37,-10
610,-10,38,-12
611,-9,37,-12
612,-9,37,-12
613,-8,38,-11
614,-8,37,-12
615,-8,38,-11
616,-10,37,-12
617,-9,37,-12
618,-9,38,-10
619,-11,38,-10
620,-12,37,-11
621,-13,37,-10
622,-12,37,-11
623,-11,37,-11
624,-11,37,-11
625,-11,37,-11
626,-12,37,-11
627,-10,38,-11
628,-10,38,-11
629,-11,38,-11
630,-12,37,-11
631,-12,37,-11
632,-12,37,-11
633,-13,38,-11
634,-12,37,-11
635,-11,37,-11
636,-11,37,-11
637,-12,38,-11
638,-12,37,-11
639,-12,37,-11
640,-12,38,-11
641,-12,37,-11
642,-12,37,-11
643,-12,37,-10
644,-12,38,-11
645,-12,38,-11
646,-12,37,-11
647,-12,37,-11
648,-12,37,-11
649,-12,37,-11
650,-12,37,-11
651,-12,38,-11
652,-12,37,-11
653,-12,37,-11
654,-12,37,-11
655,-12,37,-11
656,-11,37,-11
657,-12,38,-11
658,-12,37,-11
659,-12,37,-11
660,-12,37,-11
661,-12,38,-11
662,-12,37,-11
663,-12,37,-11
664,-12,37,-10
665,-12,38,-11
666,-12,37,-11
667,-12,37,-11
668,-12,37,-11
669,-12,37,-11
670,-12,37,-11
671,-12,37,-11
672,-12,37,-11
673,-12,37,-11
674,-12,37,-11
675,-12,37,-11
676,-11,37,-11
677,-12,37,-11
678,-12,37,-11
679,-12,37,-11
680,-12,38,-11
681,-12,37,-11
682,-12,37,-11
683,-12,37,-11
684,-12,37,-11
685,-11,37,-11
686,-12,38,-11
687,-12,38,-11
688,-12,37,-11
689,-12,37,-11
690,-12,37,-11
691,-12,37,-11
692,-12,37,-11
693,-12,37,-11
694,-12,37,-11
695,-12,37,-11
696,-12,37,-11
697,-10,38,-11
698,-10,38,-11
699,-13,37,-11
700,-14,37,-11
701,-13,38,-11
702,-18,37,-12
703,-22,43,-10
704,-22,44,-9
705,-20,43,-12
706,-19,45,-11
707,-17,40,-10
708,-19,33,-13
709,-19,33,-12
710,-23,30,-15
711,-23,30,-19
712,-24,28,-24
713,-24,26,-23
714,-24,25,-24
715,-22,23,-28
716,-23,22,-30
717,-22,22,-31
718,-21,21,-33
719,-19,21,-32
720,-18,20,-34
721,-18,22,-36
722,-18,20,-36
723,-17,19,-35
724,-16,19,-36
725,-16,21,-37
726,-17,21,-37
727,-16,21,-38
728,-12,21,-36
729,-10,23,-37
730,-12,23,-37
731,-13,23,-36
732,-13,24,-36
733,-15,26,-37
734,-17,26,-37
735,-15,28,-36
736,-8,29,-34
737,-8,27,-27
738,-16,29,-27
739,-17,30,-28
740,-17,32,-27
741,-17,32,-27
742,-17,32,-26
743,-16,33,-26
744,-17,32,-24
745,-18,34,-25
746,-18,34,-24
747,-18,34,-23
748,-19,35,-23
749,-18,34,-22
750,-18,35,-22
751,-18,34,-21
752,-19,34,-21
753,-19,36,-21
754,-18,39,-21
755,-17,38,-20
756,-17,35,-18
757,-17,34,-17
758,-18,33,-15
759,-17,37,-17
760,-17,36,-17
761,-17,37,-16
762,-17,37,-17
763,-17,37,-16
764,-16,36,-16
765,-16,36,-16
766,-16,36,-17
767,-17,37,-17
768,-16,36,-16
769,-17,37,-15
770,-17,37,-15
771,-18,37,-16
772,-18,37,-15
773,-16,37,-15
774,-13,38,-13
775,-13,37,-12
776,-13,35,-11
777,-13,36,-11
778,-12,36,-12
779,-11,42,-13
780,-12,36,-11
781,-11,36,-11
782,-10,36,-11
783,-10,37,-12
784,-10,39,-11
785,-9,37,-13
786,-10,35,-15
787,-10,42,-10
788,-10,39,-10
789,-10,37,-9
790,-14,39,-6
791,-16,37,-6
792,-10,36,-6
793,-11,39,-6
794,-13,40,-4
795,-10,36,-4
796,-9,36,-3
797,-11,39,-3
798,-12,39,-4
799,-6,35,-2
800,-5,31,-2
801,-5,30,-2
802,-4,30,4
803,-1,30,4
804,-2,34,5
805,3,35,5
806,3,32,5
807,3,30,5
808,2,30,5
809,1,26,6
810,2,23,9
811,5,23,9
812,2,19,5
813,1,18,6
814,6,23,10
815,8,21,9
816,7,19,7
817,6,19,3
818,5,20,3
819,10,21,7
820,9,20,8
821,5,22,-1
822,10,17,-3
823,13,20,-2
824,10,22,2
825,9,21,2
826,12,19,2
827,18,22,-2
828,16,23,-2
829,14,23,0
830,13,23,0
831,8,19,-6
832,14,24,-11
833,15,26,-11
834,11,28,-12
835,9,29,-13
836,2,26,-19
837,4,27,-18
838,4,31,-19
839,4,32,-20
840,-2,32,-26
841,-1,38,-23
842,-2,38,-23
843,-2,32,-16
844,-2,39,-24
845,-4,39,-25
846,-1,37,-21
847,3,33,-17
848,4,33,-15
849,1,34,-17
850,-2,38,-19
851,5,32,-15
852,5,33,-14
853,4,33,-12
854,3,33,-10
855,4,32,-10
856,7,31,-8
857,6,31,-8
858,5,31,-9
859,5,33,-10
860,6,32,-9
861,7,28,-6
862,6,27,-4
863,6,29,-6
864,7,30,-6
865,8,30,-6
866,9,26,-5
867,9,26,-5
868,9,27,-6
869,8,28,-6
870,10,28,-6
871,12,24,-3
872,13,24,-3
873,15,19,-1
874,16,19,-1
875,15,19,-2
876,14,19,-3
877,14,19,-2
878,16,16,0
879,17,15,2
880,18,13,3
881,18,13,4
882,15,16,1
883,12,18,0
884,11,18,0
885,10,18,0
886,10,17,1
887,9,16,2
888,8,17,2
889,7,20,-1
890,7,22,-1
891,6,24,-2
892,6,28,-3
893,6,29,-3
894,6,29,-2
895,6,28,-2
896,5,28,-3
897,5,32,-5
898,6,33,-5
899,6,32,-4
900,7,31,-4
901,7,30,-7
902,6,30,-9
903,7,29,-6
904,8,28,-7
905,7,28,-8
906,9,30,-10
907,11,30,-10
908,9,30,-9
909,10,29,-9
910,11,27,-9
911,11,27,-10
912,12,29,-12
913,14,23,-8
914,16,23,-4
915,18,21,-4
916,18,18,-7
917,16,17,-7
918,18,10,0
919,17,5,4
920,16,4,3
921,9,-2,2
922,2,-5,2
923,-3,-8,5
924,-7,-11,4
925,-8,-11,4
926,-12,-11,4
927,-11,-11,4
928,-13,-9,2
929,-19,-10,1
930,-21,-14,1
931,-18,-13,3
932,-18,-14,3
933,-20,-11,1
934,-20,-12,1
935,-21,-12,1
936,-22,-12,-1
937,-19,-11,-2
938,-24,-15,-3
939,-22,-16,-3
940,-21,-15,-4
941,-21,-14,-5
942,-23,-14,-6
943,-27,-13,-10
944,-19,-15,-7
945,-28,-15,-12
946,-27,-16,-12
947,-24,-17,-10
948,-21,-18,-10
949,-22,-22,-8
950,-21,-24,-7
951,-19,-24,-8
952,-18,-22,-9
953,-13,-16,-10
954,-7,-18,-3
955,-7,-19,-4
956,-10,-16,-6
957,-9,-14,-7
958,1,-11,-4
959,5,-13,0
960,4,-12,-1
961,4,-9,-3
962,6,-9,-3
963,12,-3,-2
964,12,-2,-2
965,12,-2,-2
966,14,1,-2
967,14,3,-2
968,15,7,-3
969,12,7,-4
970,12,7,-5
971,16,11,-4
972,15,14,-6
973,15,17,-6
974,15,15,-4
975,15,16,-4
976,13,17,-7
977,13,18,-8
978,12,20,-8
979,14,23,-9
980,11,25,-12
981,9,26,-15
982,7,29,-14
983,6,29,-15
984,9,29,-14
985,8,30,-17
986,8,30,-18
987,9,30,-18
988,10,26,-15
989,11,26,-16
990,11,32,-19
991,10,32,-16
992,9,31,-16
993,5,27,-13
994,5,25,-12
995,12,27,-9
996,12,31,-9
997,10,30,-10
998,5,28,-12
999,5,28,-11
1000,8,34,-8
1001,4,32,-13
1002,4,32,-12
1003,5,30,-9
1004,10,24,-4
1005,5,28,-8
1006,7,37,-7
1007,9,37,-7
1008,11,31,-3
1009,11,30,-3
1010,10,34,-6
1011,10,31,-1
1012,12,25,-2
1013,2,23,1
1014,-3,25,3
1015,5,25,4
1016,3,20,3
1017,3,15,5
1018,5,0,14
1019,4,-3,15
1020,7,3,12
1021,10,6,14
1022,5,1,12
1023,7,1,12
1024,7,3,12
1025,7,13,11
1026,7,13,11
1027,7,14,12
1028,5,15,10
1029,3,12,10
1030,4,12,11
1031,2,11,11
1032,3,12,13
1033,0,8,13
1034,2,8,14
1035,2,9,13
1036,3,10,12
1037,3,11,12
1038,1,9,14
1039,-1,7,18
1040,-2,6,18
1041,0,9,15
1042,1,10,15
1043,7,9,9
1044,7,4,10
1045,-12,9,14
1046,-11,19,23
1047,-5,20,15
1048,-4,19,14
1049,-4,18,13
1050,-4,18,18
1051,-8,14,20
1052,-6,15,17
1053,-3,18,13
1054,-2,19,14
1055,-7,18,17
1056,-12,17,20
1057,-12,15,18
1058,-13,12,16
1059,-11,12,17
1060,-5,17,18
1061,-8,18,18
1062,-10,20,17
1063,-10,15,17
1064,-6,21,16
1065,-8,17,17
1066,-10,14,15
1067,-10,16,16
1068,-8,19,18
1069,-7,21,18
1070,-7,22,20
1071,0,21,24
1072,-2,15,22
1073,5,16,17
1074,7,17,14
1075,3,16,7
1076,1,14,5
1077,2,5,5
1078,-1,1,7
1079,-3,-2,11
1080,-16,-12,17
1081,-18,-12,13
1082,-16,0,9
1083,-19,3,6
1084,-18,3,5
1085,-18,7,3
1086,-18,10,4
1087,-13,-5,19
1088,-18,-3,14
1089,-15,4,14
1090,-7,12,18
1091,-6,12,20
1092,1,13,26
1093,-2,6,26
1094,1,8,26
1095,1,9,26
1096,2,12,24
1097,3,7,21
1098,3,6,20
1099,3,6,18
1100,3,8,17
1101,2,10,14
1102,1,7,13
1103,1,8,12
1104,2,8,14
1105,1,9,14
1106,0,9,13
1107,-1,11,14
1108,0,12,16
1109,0,11,16
1110,1,11,17
1111,1,12,16
1112,2,10,16
1113,4,10,16
1114,4,10,15
1115,4,11,14
1116,5,12,13
1117,4,12,11
1118,4,11,11
1119,5,12,11
1120,5,11,11
1121,5,10,12
1122,4,10,12
1123,3,10,12
1124,3,10,13
1125,3,11,14
1126,3,11,14
1127,3,10,16
1128,3,10,16
1129,1,11,15
1130,1,12,15
1131,0,12,15
1132,0,12,14
1133,-1,11,14
1134,1,10,14
1135,1,11,14
1136,-1,12,14
1137,1,12,14
1138,1,11,15
1139,1,10,16
1140,1,10,15
1141,0,11,15
1142,1,11,16
1143,0,11,15
1144,0,11,16
1145,-1,11,15
1146,0,11,16
1147,-1,11,16
1148,-1,11,16
1149,-1,10,17
1150,-2,10,16
1151,-2,11,16
1152,-2,10,16
1153,-2,10,16
1154,-2,10,16
1155,-2,11,16
1156,-2,11,15
1157,-2,10,16
1158,-2,10,16
1159,-3,12,16
1160,-3,11,16
1161,-3,10,16
1162,-3,11,16
1163,-4,11,16
1164,-4,11,15
1165,-4,11,16
1166,-3,11,16
1167,-3,11,17
1168,-3,10,17
1169,-4,10,16
1170,-4,11,17
1171,-4,11,17
1172,-4,10,17
1173,-4,10,16
1174,-4,10,17
1175,-4,9,17
1176,-4,10,17
1177,-4,10,17
1178,-4,10,17
1179,-4,10,17
1180,-5,10,16
1181,-5,10,16
1182,-5,10,16
1183,-5,10,17
1184,-5,10,17
1185,-5,10,17
1186,-5,10,17
1187,-6,10,17
1188,-6,10,17
1189,-5,10,17
1190,-5,10,17
1191,-5,10,17
1192,-6,10,17
1193,-5,10,17
1194,-5,9,17
1195,-5,10,16
1196,-5,9,17
1197,-5,10,17
1198,-5,9,17
1199,-6,9,17
1200,-6,9,17
1201,-6,10,17
1202,-7,9,17
1203,-6,10,17
1204,-6,10,17
1205,-6,10,17
1206,-6,10,16
1207,-6,10,17
1208,-5,9,18
1209,-5,10,17
1210,-5,10,17
1211,-5,9,17
1212,-5,9,17
1213,-5,10,16
1214,-5,11,17
1215,-5,10,17
1216,-4,10,17
1217,-5,9,17
1218,-5,9,16
1219,-5,9,16
1220,-5,10,16
1221,-5,10,16
1222,-5,10,17
1223,-5,11,17
1224,-5,10,17
1225,-5,10,17
1226,-6,10,17
1227,-6,10,17
1228,-6,10,17
1229,-6,10,17
1230,-5,10,17
1231,-5,10,17
1232,-5,10,18
1233,-6,10,18
1234,-6,11,18
1235,-5,10,18
1236,-5,10,17
1237,-5,11,18
1238,-5,10,18
1239,-6,10,17
1240,-5,10,17
1241,-6,10,16
1242,-5,10,16
1243,-6,10,15
1244,-6,11,16
1245,-5,10,16
1246,-4,10,17
1247,-5,11,16
1248,-5,12,16
1249,-5,12,16
1250,-5,12,16
1251,-5,11,17
1252,-3,10,17
1253,-3,8,18
1254,-3,10,18
1255,-6,15,15
1256,-6,15,16
1257,-4,11,18
1258,-4,10,18
1259,-4,10,18
1260,-5,12,15
1261,-5,12,16
1262,-2,11,18
1263,-3,10,18
1264,-2,10,17
1265,-3,10,16
1266,-3,11,16
1267,-3,11,16
1268,-3,11,16
1269,-2,11,15
1270,-3,10,14
1271,-3,10,13
1272,-2,10,14
1273,-1,10,14
1274,-1,9,16
1275,-1,11,16
1276,-2,11,16
1277,-2,10,16
1278,-2,10,16
1279,-2,11,16
1280,-2,10,16
1281,-2,11,16
1282,-2,11,15
1283,-2,10,15
1284,-2,11,16
1285,-1,11,16
1286,-1,10,16
1287,-2,11,15
1288,-1,11,16
1289,-1,11,16
1290,0,11,16
1291,-1,11,15
1292,-1,11,14
1293,0,11,15
1294,-1,11,15
1295,0,11,15
1296,0,10,15
1297,0,10,15
1298,0,11,14
1299,-1,11,14
1300,-1,10,15
1301,-2,10,16
1302,-2,11,16
1303,-3,12,16
1304,-3,12,16
1305,-3,11,17
1306,-2,11,17
1307,-2,11,17
1308,-2,12,16
1309,-3,12,15
1310,-3,10,16
1311,-1,12,16
1312,-1,12,16
1313,-1,12,17
1314,-1,12,17
1315,-1,11,17
1316,-1,13,17
1317,-2,12,16
1318,-1,11,16
1319,-1,11,17
1320,-1,12,16
1321,-2,11,17
1322,-4,10,17
1323,-4,12,16
1324,-3,13,17
1325,-2,12,18
1326,-4,12,17
1327,-5,12,17
1328,-6,12,16
1329,-7,12,17
1330,-2,15,19
1331,-6,14,19
1332,-8,14,18
1333,-9,14,15
1334,-2,17,17
1335,0,18,17
1336,-10,18,12
1337,-4,21,12
1338,-2,23,13
1339,-5,24,11
1340,-9,23,8
1341,-8,25,7
1342,-8,31,2
1343,-15,32,-1
1344,-14,31,-1
1345,-12,33,-2
1346,-12,32,-2
1347,-13,31,-5
1348,-13,34,-8
1349,-13,35,-9
1350,-13,39,-11
1351,-14,39,-12
1352,-13,35,-12
1353,-14,36,-14
1354,-15,39,-15
1355,-15,39,-17
1356,-14,39,-17
1357,-15,36,-17
1358,-14,37,-17
1359,-14,37,-17
1360,-13,37,-17
1361,-14,37,-17
1362,-13,35,-18
1363,-14,36,-19
1364,-15,35,-18
1365,-13,32,-20
1366,-13,32,-23
1367,-11,42,-30
1368,-15,38,-28
1369,-12,35,-26
1370,-12,35,-27
1371,-14,34,-26
1372,-12,33,-26
1373,-13,32,-26
1374,-11,32,-26
1375,-11,33,-27
1376,-11,33,-28
1377,-8,32,-25
1378,-8,28,-24
1379,-8,29,-29
1380,-4,30,-28
1381,0,33,-32
1382,-2,35,-33
1383,-9,29,-31
1384,-7,29,-33
1385,-2,31,-34
1386,-3,32,-34
1387,-7,30,-32
1388,-3,33,-33
1389,-1,35,-34
1390,3,42,-35
1391,3,43,-36
1392,-3,38,-30
1393,0,28,-23
1394,0,30,-21
1395,0,32,-19
1396,1,32,-18
1397,4,29,-18
1398,10,32,-21
1399,5,31,-17
1400,5,31,-18
1401,7,31,-15
1402,11,29,-13
1403,10,28,-11
1404,8,27,-8
1405,9,27,-7
1406,9,24,-4
1407,10,24,-3
1408,11,22,1
1409,9,19,1
1410,8,17,2
1411,8,12,6
1412,8,12,7
1413,6,10,7
1414,6,10,8
1415,6,9,9
1416,5,3,10
1417,3,2,10
1418,2,2,9
1419,0,-1,10
1420,-1,-3,10
1421,-3,-2,9
1422,-4,-2,8
1423,-5,-4,7
1424,-6,-8,8
1425,-9,-8,6
1426,-9,-9,5
1427,-10,-9,5
1428,-11,-11,4
1429,-14,-14,2
1430,-15,-15,1
1431,-15,-14,0
1432,-15,-13,-1
1433,-15,-13,-1
1434,-17,-15,-4
1435,-18,-13,-6
1436,-17,-14,-6
1437,-17,-17,-7
1438,-17,-17,-8
1439,-17,-18,-10
1440,-17,-16,-11
1441,-14,-16,-12
1442,-14,-16,-13
1443,-13,-15,-14
1444,-14,-15,-16
1445,-13,-15,-19
1446,-13,-18,-19
1447,-12,-16,-20
1448,-13,-13,-27
1449,-15,-13,-29
1450,-11,-15,-28
1451,-10,-14,-30
1452,-10,-16,-28
1453,-10,-17,-27
1454,-2,-12,-26
1455,-4,-17,-22
1456,-2,-17,-21
1457,4,-13,-23
1458,5,-12,-23
1459,7,-18,-16
1460,7,-27,-10
1461,7,-22,-15
1462,9,-17,-15
1463,9,-17,-14
1464,8,-17,-12
1465,9,-11,-14
1466,9,-11,-13
1467,9,-10,-11
1468,11,-6,-9
1469,10,-4,-10
1470,8,-1,-7
1471,9,-4,-1
1472,13,-2,1
1473,18,2,1
1474,18,3,3
1475,17,4,10
1476,18,7,9
1477,17,10,9
1478,15,12,7
1479,14,13,7
1480,10,16,8
1481,8,17,8
1482,7,15,8
1483,6,16,7
1484,3,22,0
1485,6,30,-2
1486,-1,29,-11
1487,-2,30,-11
1488,-6,27,-12
1489,-6,26,-12
1490,-2,27,-8
1491,2,27,-9
1492,-2,31,-18
1493,-3,33,-21
1494,-3,38,-18
1495,-1,37,-17
1496,-5,34,-14
1497,-8,38,-18
1498,-10,37,-19
1499,-15,37,-23
1500,-19,36,-22
1501,-19,35,-24
1502,-15,35,-23
1503,-14,36,-23
1504,-11,39,-28
1505,-9,39,-28
1506,-6,37,-28
1507,-3,37,-26
1508,3,38,-21
1509,4,40,-20
1510,3,39,-22
1511,6,42,-17
1512,7,44,-17
1513,5,42,-13
1514,5,41,-13
1515,5,37,-10
1516,8,39,-6
1517,9,39,-3
1518,7,29,2
1519,7,28,3
1520,7,29,8
1521,7,26,8
1522,6,16,13
1523,1,15,11
1524,-3,9,12
1525,-5,9,12
1526,-9,4,9
1527,-20,4,5
1528,-22,2,4
1529,-28,2,0
1530,-28,2,-1
1531,-38,3,-5
1532,-49,-2,-9
1533,-50,-7,-7
1534,-47,-8,-8
1535,-46,-8,-10
1536,-57,-11,-21
1537,-67,-13,-33
1538,-69,-14,-37
1539,-76,-20,-57
1540,-81,-20,-66
1541,-49,-7,-114
1542,8,0,-127
1543,108,30,-127
1544,122,57,-86
1545,49,-11,-42
1546,18,-23,-51
1547,76,23,-11
1548,55,20,-12
1549,39,15,-17
1550,21,12,-15
1551,22,13,-11
1552,17,14,-9
1553,16,7,-10
1554,20,8,-7
1555,26,11,-5
1556,24,11,-8
1557,22,12,-6
1558,22,13,-6
1559,21,14,-6
1560,21,15,-6
1561,18,15,-7
1562,16,18,-8
1563,14,19,-6
1564,9,17,-6
1565,7,16,-5
1566,5,16,-2
1567,9,19,3
1568,10,18,3
1569,11,19,3
1570,13,20,2
1571,20,25,2
1572,24,27,1
1573,14,25,-2
1574,12,25,-1
1575,15,30,-1
1576,20,34,-1
1577,28,31,-3
1578,34,28,0
1579,40,37,-1
1580,45,62,-13
1581,36,55,-15
1582,29,42,-16
1583,14,34,-17
1584,10,30,-19
1585,-13,11,-28
1586,-22,4,-28
1587,-28,-5,-28
1588,-35,-9,-26
1589,-44,-10,-26
1590,-47,-10,-27
1591,-52,-12,-30
1592,-53,-13,-29
1593,-55,-15,-28
1594,-54,-2,-24
1595,-53,1,-23
1596,-54,-1,-22
1597,-54,-4,-24
1598,-55,-4,-33
1599,-59,-6,-39
1600,-59,-6,-41
1601,-54,-10,-49
1602,-46,-8,-53
1603,47,-1,-58
1604,94,21,4
1605,49,62,-12
1606,63,69,1
1607,73,58,10
1608,63,39,25
1609,33,36,17
1610,32,37,17
1611,26,34,16
1612,23,31,15
1613,8,19,8
1614,1,18,4
1615,-6,13,-2
1616,-13,9,-5
1617,-20,4,-10
1618,-25,-2,-13
1619,-28,-3,-15
1620,-37,-5,-21
1621,-53,-9,-27
1622,-59,-11,-31
1623,-64,-14,-32
1624,-73,-14,-35
1625,-69,-7,-34
1626,-65,-5,-33
1627,-59,0,-34
1628,-58,0,-35
1629,-34,-1,-54
1630,-12,2,-44
1631,31,10,-23
1632,42,13,-14
1633,56,24,-3
1634,63,33,11
1635,64,33,15
1636,1,39,82
1637,41,31,28
1638,41,35,22
1639,32,33,16
1640,27,31,14
1641,21,23,13
1642,18,20,11
1643,13,16,8
1644,5,13,2
1645,4,12,1
1646,-4,15,-6
1647,-5,12,-7
1648,-14,5,-10
1649,-30,4,-16
1650,-35,2,-18
1651,-57,-13,-25
1652,-69,-19,-28
1653,-97,-20,-38
1654,-85,-15,-33
1655,-72,-8,-28
1656,-51,-1,-24
1657,-48,-1,-24
1658,-48,5,-27
1659,-41,-2,-35
1660,-13,-3,-32
1661,-9,0,-33
1662,17,12,-24
1663,33,25,-8
1664,63,32,23
1665,54,37,40
1666,56,37,43
1667,51,28,47
1668,46,26,46
1669,28,22,34
1670,18,22,24
1671,18,19,21
1672,17,18,19
1673,11,17,12
1674,11,17,9
1675,-1,15,-2
1676,-12,12,-8
1677,-13,11,-8
1678,-13,9,-7
1679,-14,9,-7
1680,-43,-7,-13
1681,-52,-12,-15
1682,-80,-26,-19
1683,-85,-27,-19
1684,-83,-23,-16
1685,-57,-8,-8
1686,-53,-6,-7
1687,-48,-1,-8
1688,-49,0,-10
1689,-44,3,-13
1690,-31,-3,-17
1691,-25,-2,-20
1692,-12,3,-23
1693,-6,4,-23
1694,21,16,-12
1695,53,25,14
1696,61,33,29
1697,72,42,48
1698,70,40,51
1699,51,34,40
1700,40,30,33
1701,24,25,17
1702,20,19,10
1703,18,19,8
1704,7,16,-1
1705,4,15,-3
1706,-9,12,-9
1707,-18,7,-12
1708,-21,6,-12
1709,-28,0,-12
1710,-33,-3,-14
1711,-64,-17,-23
1712,-83,-17,-28
1713,-87,-17,-29
1714,-83,-11,-27
1715,-73,-8,-24
1716,-57,-3,-21
1717,-46,0,-21
1718,-42,0,-19
1719,-32,2,-22
1720,-28,1,-22
1721,6,7,-9
1722,24,23,2
1723,30,26,7
1724,40,31,24
1725,43,37,31
1726,66,47,56
1727,51,44,45
1728,41,40,38
1729,15,29,19
1730,6,18,10
1731,-1,10,5
1732,-16,2,1
1733,-30,-7,-4
1734,-37,-14,-5
1735,-51,-20,-2
1736,-44,-13,5
1737,-40,-9,7
1738,-42,6,3
1739,-41,15,2
1740,-27,23,6
1741,-17,24,8
1742,-1,15,26
1743,-8,25,16
1744,-11,26,14
1745,-12,27,10
1746,-11,27,10
1747,-12,24,7
1748,-12,19,3
1749,-10,25,4
1750,5,26,14
1751,7,24,23
1752,7,18,28
1753,-4,29,12
1754,-7,35,3
1755,-29,51,-38
1756,-50,54,-61
1757,-27,27,-27
1758,30,26,50
1759,40,32,69
1760,45,36,90
1761,41,31,84
1762,-56,23,-72
1763,-83,33,-98
1764,-81,34,-97
1765,-36,25,-57
1766,-13,25,-28
1767,55,27,101
1768,41,12,113
1769,31,6,95
1770,-7,0,-4
1771,-67,47,-107
1772,-63,43,-95
1773,-23,35,-42
1774,36,26,66
1775,38,23,93
1776,23,-2,112
1777,-3,-17,48
1778,-29,30,-64
1779,-48,46,-83
1780,-49,46,-81
1781,-27,38,-38
1782,-8,21,-11
1783,21,41,34
1784,14,38,36
1785,8,37,30
1786,-8,31,6
1787,-25,35,-25
1788,-40,45,-38
1789,-34,43,-34
1790,3,29,-23
1791,9,21,-17
1792,23,-9,16
1793,23,18,23
1794,18,13,16
1795,25,-4,31
1796,33,-4,41
1797,23,-11,33
1798,-12,17,-11
1799,-19,33,-23
1800,-24,64,-39
1801,-18,61,-37
1802,-4,22,-30
1803,50,-34,46
1804,38,-67,61
1805,35,-57,53
1806,2,9,-8
1807,-14,32,-28
1808,-49,71,-74
1809,-12,19,-50
1810,6,-1,-34
1811,60,-41,12
1812,77,-85,64
1813,31,-92,51
1814,-1,-38,-8
1815,-6,-9,-23
1816,5,38,-34
1817,11,53,-33
1818,57,36,-12
1819,62,13,-20
1820,39,-20,-14
1821,-23,-71,-6
1822,-48,-87,-1
1823,-106,-94,3
1824,-80,-40,-31
1825,-58,-21,-37
1826,19,3,-24
1827,47,7,-23
1828,120,17,-9
1829,35,13,-26
1830,16,2,-30
1831,-69,-45,-31
1832,-105,-59,-29
1833,-127,-86,-17
1834,-49,-38,-30
1835,-18,-20,-34
1836,109,-9,-8
1837,126,-9,15
1838,68,25,-22
1839,-87,-48,-34
1840,-113,-66,-34
1841,-127,-90,-22
1842,-125,-75,-28
1843,29,-3,-40
1844,125,5,12
1845,80,21,-16
1846,-90,-53,-34
1847,-114,-78,-32
1848,-127,-94,-26
1849,20,-3,-53
1850,118,6,-1
1851,118,31,3
1852,64,22,-20
1853,-102,-72,-27
1854,-122,-78,-31
1855,12,1,-50
1856,124,12,20
1857,127,23,16
1858,-17,-16,-38
1859,-69,-56,-29
1860,-123,-80,-24
1861,58,37,-37
1862,119,17,3
1863,13,-32,-23
1864,-50,-69,-21
1865,-112,-104,-17
1866,34,50,-48
1867,91,70,-28
1868,98,53,-18
1869,49,17,-26
1870,-102,-126,3
1871,-23,-20,-39
1872,26,39,-43
1873,114,81,-12
1874,98,66,-18
1875,-66,-95,-13
1876,-98,-126,0
1877,-1,12,-41
1878,49,61,-37
1879,104,66,-14
1880,-60,-76,-24
1881,-98,-111,-15
1882,-102,-115,-13
1883,-63,-75,-28
1884,91,48,-25
1885,101,54,-15
1886,-66,-73,-27
1887,-98,-106,-17
1888,-108,-114,-19
1889,-79,-85,-31
1890,91,59,-20
1891,80,34,-14
1892,33,6,-24
1893,-92,-94,-10
1894,-107,-108,-8
1895,-45,-38,-27
1896,108,39,-4
1897,84,25,-15
1898,-61,-78,-23
1899,-101,-112,-12
1900,-114,-118,-15
1901,72,80,-47
1902,110,77,-24
1903,73,12,-19
1904,-27,-72,-18
1905,-93,-125,8
1906,30,55,-39
1907,64,76,-31
1908,68,32,-22
1909,27,-6,-31
1910,-81,-117,3
1911,-50,-52,-28
1912,27,66,-54
1913,110,49,-9
1914,83,25,-17
1915,-64,-97,-6
1916,-68,-93,-12
1917,-32,-40,-30
1918,93,79,-25
1919,114,68,-11
1920,34,7,-37
1921,-105,-123,8
1922,-90,-114,-3
1923,12,30,-47
1924,57,63,-38
1925,115,47,-7
1926,3,-35,-33
1927,-75,-112,-7
1928,-89,-123,2
1929,-46,-51,-30
1930,63,70,-36
1931,81,67,-24
1932,27,22,-28
1933,-37,-86,7
1934,-40,-91,8
1935,-17,-51,-10
1936,3,-29,-13
1937,3,1,-11
1938,-12,-15,-3
1939,-7,-14,-5
1940,-14,-2,-22
1941,-9,-1,-15
1942,2,-9,-1
1943,-19,-34,8
1944,-5,-21,10
1945,1,-7,-5
1946,-5,-5,-9
1947,5,-20,7
1948,-15,-39,11
1949,-1,-23,9
1950,-1,-3,-6
1951,-12,-11,-10
1952,-1,-18,0
1953,-18,-35,9
1954,6,-3,7
1955,-2,6,-10
1956,-2,1,-4
1957,-9,-26,0
1958,-6,-27,17
1959,-20,-27,9
1960,14,17,1
1961,8,12,-5
1962,1,-18,18
1963,-10,-25,10
1964,-18,-23,10
1965,17,29,10
1966,21,27,7
1967,9,5,16
1968,0,-3,9
1969,-1,-1,11
1970,1,23,3
1971,30,41,9
1972,16,21,10
1973,4,-2,12
1974,1,-2,14
1975,2,16,5
1976,20,36,10
1977,10,24,-1
1978,14,12,14
1979,-4,-8,9
1980,0,-2,14
1981,8,9,19
1982,6,9,13
1983,-2,-3,24
1984,-5,-2,18
1985,-10,10,-4
1986,-5,17,-4
1987,-1,26,-4
1988,29,24,1
1989,25,23,4
1990,-11,9,10
1991,-23,-3,11
1992,-20,-8,14
1993,2,24,13
1994,15,35,18
1995,15,35,18
1996,11,24,4
1997,-24,8,5
1998,-5,14,12
1999,-3,16,7
2000,24,33,18
2001,11,23,6
2002,-1,19,7
2003,-8,18,1
2004,-18,12,-5
2005,-2,22,-8
2006,17,37,-6
2007,25,50,-1
2008,18,40,-13
2009,7,35,-15
2010,2,31,-13
2011,-9,25,-16
2012,-15,28,-19
2013,-12,32,-22
2014,-8,42,-33
2015,5,46,-32
2016,34,56,-19
2017,49,62,-10
2018,40,52,-6
2019,28,39,-7
2020,17,32,-2
2021,5,25,-3
2022,-8,16,-5
2023,-19,9,-8
2024,-34,10,-15
2025,-37,14,-23
2026,-34,15,-28
2027,-32,19,-38
2028,-28,21,-39
2029,-11,30,-41
2030,-8,35,-37
2031,2,41,-32
2032,20,51,-27
2033,35,67,-27
2034,28,75,-30
2035,11,68,-21
2036,12,56,-17
2037,9,44,-12
2038,0,38,-17
2039,-13,41,-18
2040,-8,38,-14
2041,-7,24,-5
2042,-13,18,-2
2043,-15,13,2
2044,-19,13,1
2045,-27,7,0
2046,-27,7,-4
2047,-23,9,-4
2048,-24,6,-3
2049,-17,4,-2
2050,-15,-16,4
2051,-17,-21,4
2052,-12,-5,2
2053,-9,-3,1
2054,-11,-3,2
2055,-10,-10,3
2056,-11,-12,2
2057,-21,-12,-6
2058,-28,-23,-1
2059,-35,-21,-6
2060,-27,-15,-1
2061,-22,-18,11
2062,-42,-30,13
2063,-30,-14,1
2064,-11,4,4
2065,14,7,30
2066,13,9,30
2067,6,15,7
2068,10,20,-1
2069,22,18,9
2070,23,18,5
2071,26,23,-3
2072,28,25,-9
2073,33,28,-14
2074,31,37,-21
2075,21,42,-33
2076,21,37,-34
2077,29,42,-28
2078,24,34,-25
2079,18,33,-23
2080,4,43,-28
2081,2,44,-26
2082,-1,41,-25
2083,-4,44,-26
2084,-8,35,-26
2085,-7,32,-23
2086,-5,27,-18
2087,-7,24,-18
2088,-9,13,-12
2089,-8,11,-10
2090,-14,6,-12
2091,-18,0,-16
2092,-31,-6,-24
2093,-32,-13,-17
2094,-25,-16,-11
2095,-28,-10,-16
2096,-26,-10,-17
2097,-25,-25,-8
2098,-26,-33,-8
2099,-28,-30,-16
2100,-28,-32,-13
2101,-21,-35,-4
2102,-21,-33,-5
2103,-21,-26,-9
2104,-19,-19,-12
2105,-20,-11,-10
2106,-16,0,-7
2107,-15,7,-8
2108,-14,13,-11
2109,-1,30,-5
2110,13,30,12
2111,15,24,18
2112,14,36,8
2113,11,44,3
2114,5,34,3
2115,-11,20,-2
2116,-37,19,-20
2117,-35,27,-28
2118,-14,42,-34
2119,-2,58,-40
2120,-1,62,-35
2121,-2,52,-16
2122,0,43,-14
2123,1,35,-3
2124,-1,25,1
2125,-15,17,-9
2126,-15,30,-15
2127,-1,32,-9
2128,-3,28,-11
2129,-1,29,-19
2130,-2,28,-22
2131,-4,31,-24
2132,-3,35,-25
2133,-6,34,-27
2134,-3,37,-29
2135,-4,37,-32
2136,-6,32,-39
2137,-4,36,-36
2138,-5,35,-31
2139,-6,34,-24
2140,2,39,-15
2141,-1,37,-17
2142,-4,41,-13
2143,-13,25,-10
2144,-7,14,1
2145,-2,18,7
2146,-5,31,-2
2147,-1,36,-6
2148,0,32,-12
2149,1,38,-10
2150,-5,30,-19
2151,-3,43,-29
2152,-2,57,-36
2153,-13,34,-39
2154,-7,34,-28
2155,-5,31,-6
2156,-10,20,2
2157,-6,27,-2
2158,8,41,-5
2159,7,40,-12
2160,3,37,-14
2161,-6,32,-11
2162,-8,30,-10
2163,-4,34,-13
2164,-3,35,-15
2165,0,36,-14
2166,-1,38,-17
2167,-1,39,-18
2168,-1,37,-18
2169,-1,36,-17
2170,-3,33,-14
2171,-3,34,-13
2172,-2,36,-16
2173,-1,36,-17
2174,-2,35,-17
2175,-3,35,-16
2176,-3,34,-15
2177,-2,34,-13
2178,-1,35,-12
2179,1,37,-12
2180,-2,37,-15
2181,1,41,-14
2182,4,44,-12
2183,4,41,-13
2184,1,36,-10
2185,0,32,-6
2186,-6,15,4
2187,-9,4,14
2188,1,3,22
2189,3,15,16
2190,4,23,10
2191,1,19,13
2192,-2,12,10
2193,-2,12,12
2194,-5,16,2
2195,9,33,-10
2196,5,43,-16
2197,4,52,-23
2198,-2,38,-22
2199,-2,35,-13
2200,0,37,-10
2201,1,40,-14
2202,3,44,-14
2203,0,37,-12
2204,-6,32,-11
2205,-7,21,-1
2206,-2,18,7
2207,1,16,12
2208,5,17,15
2209,5,20,14
2210,2,23,11
2211,1,24,9
2212,-4,27,5
2213,-8,22,0
2214,-1,32,-4
2215,2,44,-9
2216,1,47,-15
2217,-1,38,-14
2218,0,33,-6
2219,2,32,3
2220,6,31,11
2221,15,34,26
2222,11,29,18
2223,-4,33,-17
2224,-19,35,-47
2225,-24,41,-65
2226,-15,31,-44
2227,16,31,5
2228,24,28,36
2229,17,16,60
2230,16,19,49
2231,7,27,8
2232,-9,32,-28
2233,-27,34,-48
2234,-22,39,-43
2235,-10,33,-29
2236,3,24,-1
2237,8,22,9
2238,1,10,29
2239,-8,4,34
2240,-14,-3,26
2241,-10,-1,21
2242,-12,6,14
2243,-15,2,16
2244,-8,6,9
2245,4,16,9
2246,5,21,10
2247,10,23,10
2248,3,1,21
2249,-8,-4,22
2250,-19,-10,23
2251,-27,-8,6
2252,-8,16,1
2253,6,34,-3
2254,5,23,6
2255,2,13,10
2256,2,16,6
2257,5,10,16
2258,-17,-13,27
2259,-14,-7,17
2260,2,20,17
2261,5,26,6
2262,7,27,2
2263,0,19,9
2264,-19,-15,29
2265,-10,-5,19
2266,1,28,7
2267,9,33,3
2268,9,23,5
2269,1,17,10
2270,-13,-9,22
2271,-1,0,22
2272,-1,16,9
2273,13,32,5
2274,16,25,3
2275,11,23,6
2276,-4,8,12
2277,3,13,11
2278,3,18,3
2279,22,39,3
2280,22,27,2
2281,19,17,15
2282,9,4,22
2283,1,9,15
2284,4,22,8
2285,9,28,10
2286,0,22,12
2287,-10,22,7
2288,-9,31,2
2289,2,34,6
2290,-3,33,3
2291,-6,28,1
2292,-3,23,7
2293,-8,21,11
2294,-13,24,4
2295,-9,26,3
2296,0,25,7
2297,-6,24,0
2298,-6,29,-2
2299,2,32,-7
2300,6,32,-10
2301,3,34,-15
2302,4,35,-18
2303,7,39,-19
2304,7,39,-21
2305,2,39,-22
2306,2,39,-23
2307,2,34,-18
2308,1,33,-18
2309,6,36,-10
2310,24,47,-20
2311,2,45,-36
2312,-4,39,-31
2313,0,32,-15
2314,7,27,-9
2315,6,27,-6
2316,10,26,1
2317,13,27,1
2318,6,28,-5
2319,6,27,-6
2320,11,26,-4
2321,11,27,-6
2322,9,30,-10
2323,10,30,-10
2324,11,29,-9
2325,10,28,-8
2326,8,28,-7
2327,6,28,-7
2328,8,28,-7
2329,10,29,-7
2330,9,29,-9
2331,9,28,-8
2332,9,29,-8
2333,9,28,-7
2334,8,28,-7
2335,9,28,-7
2336,9,28,-7
2337,9,27,-7
2338,10,27,-7
2339,10,27,-7
2340,9,27,-7
2341,9,28,-7
2342,9,28,-8
2343,10,28,-8
2344,9,28,-8
2345,9,28,-8